name,population,easting,northing
London,8567000,530678.1,179789.2
Birmingham,2285000,405398.7,286557.4
Manchester,2230000,383591.5,397650.0
Leeds,1529000,429655.1,432726.6
Sheffield,1292900,433368.7,385650.7
Glasgow,1160000,259963.4,665499.2
Newcastle,882000,424948.8,566196.9
Cardiff,861400,319018.5,176609.4
Nottingham,825600,456164.3,338513.6
Liverpool,811000,336146.4,390236.7
Southend-on-Sea,618386,588681.9,186964.7
Bristol,553528,359561.8,172496.3
Edinburgh,504966,323964.9,673481.3
Brighton,503008,528975.6,105018.9
Bradford,501700,416273.0,432845.8
Leicester,457983,458762.3,303932.6
Sunderland,452934,439862.2,556696.5
Belfast,450406,146346.6,529213.3
Portsmouth,442252,464928.8,100490.6
Bournemouth,426945,407150.6,92268.3
Middlesbrough,416042,449866.5,520846.7
Stoke,390801,388016.7,344798.2
Coventry,388271,433933.8,278197.1
Southampton,384417,442291.3,111344.1
Reading,369804,470943.4,175049.1
Kingston upon Hull,302296,510218.2,429522.5
Swansea,294339,265129.1,194154.1
Blackpool,272792,330989.9,437637.4
Plymouth,247297,246539.3,56174.8
Luton,235958,508852.8,221378.9
Oxford,192796,452002.8,206171.1
Norwich,190756,623423.1,308736.1
Aberdeen,189364,393742.1,806031.9
York,158947,460992.9,450961.8
Dundee,151592,338489.4,731366.1
Ipswich,143767,617356.9,246072.9
Peterborough,140141,518818.1,298036.3
Cambridge,128488,544750.6,257906.7
Exeter,113118,292049.8,90090.5
Bath,93238,375738.1,165025.1
Chester,89531,339759.1,365851.0
Londonderry/Derry,83652,59097.6,580328.8
Greenock,74635,228309.2,674553.1
Carlisle,72633,340429.8,554311.6
Scarborough,70571,502317.7,488331.7
Ayr,69042,234608.9,620506.9
